image_id,label
6595f1266325552489c7d1635fafb88f.jpg,1
4b614841803d5448b59e2c6ca74ea664.jpg,1
ca30e008692a50638b43d944f46245c8.jpg,1
6a9046a219425f7599729be627df1c1a.jpg,1
97c1e0276d2d5c2f88dddbc87357611e.jpg,1
e432d7988d125c8497d41b7ff223b187.jpg,1
0821ca8d9d405e02ab9ebe34ac53d6bd.jpg,1
a618ea007b745f56a992eec9f88804f0.jpg,1
58e189dd45a156c7934344242452fad4.jpg,1
21cdc53949d851b68191e560601e6e0c.jpg,1
2724b1ac72305ad39fc4c16c27056678.jpg,1
72e2a69f56c95258b1fd78bb84e9691b.jpg,1
78ad2d028c0b5f98b47fb471d7c69167.jpg,1
134e55233e13517f97f8ec152aaba060.jpg,1
e63537b6dfe15a66bcb7a99f24418633.jpg,1
20baa6fbae595d52a9de159d1863e876.jpg,1
fa0b507c63765c02b71490f32bf178c4.jpg,0
2b287ac61fe55e71be7c9420e2918ff4.jpg,1
9119329facea528593f795bda3f70d84.jpg,1
831b5765c7ff586d84c082fdd062d0f0.jpg,1
ee885a3629a85fe682f0f7b7ade1d3d4.jpg,0
6249829108b053a5be7caca840e8ff5b.jpg,1
ad5537f8989252c8a7adee002fdb1fcd.jpg,1
534511f4e2515f9da8b88877cda7c7d3.jpg,1
2b0b55bca9cd5c65b00930ce8e02a9b5.jpg,1
df012a0a3d5250948b2b6ecf7e89fe2c.jpg,1
62b40e0d1b94589ebf4d9ec0a88294c5.jpg,1
647d62e165ff5a0e9c663717fd11ed9b.jpg,1
35f34a37eb7f50f18de7d0a834069140.jpg,1
20ff32394c8d5b76a29c7e3089685567.jpg,1
88ccccc26ad55972b3c20167a33a1ed0.jpg,1
de49654a4e1856929c105ac91da0fa7f.jpg,1
86ac82c541805c79b3daca4352255e80.jpg,1
84dacf8e636457969c89943057aab8a0.jpg,1
0057140e782b5b5aa01fc44cc9a871ed.jpg,1
19c4acd7211752758bce01e4db6a63fc.jpg,1
22de4b09acb651c09be3d35f3ef5a29b.jpg,1
a303ee79e30e581e8e72bc9dd8ce02fa.jpg,1
4801fd655e06567db143b99b9c739fe2.jpg,1
06533b3899545f219fbdc97c457b3365.jpg,1
ea7a936111a359bea63905f5a0d7db5c.jpg,1
1aa0b12029d35e778dba5bff1255c638.jpg,1
c2287fe8edf357329e3e741c9f369168.jpg,1
ab305d4c53c55bf68a66eff8f4ab4acc.jpg,1
ec8b2acc77e05ebea795ab52aefa716e.jpg,1
0d7eeeef00a050af8fef96bdc6dc11df.jpg,1
f5327b0aaf4753b897be5f3c37ed280b.jpg,1
4a104b3f96cb5311b1e85fa669f4b4a3.jpg,1
dd4dff339d8b522596c774e723bf268e.jpg,1
e3511ffbff555ae9bb5198671e972b88.jpg,1
9fd5e6645ece5843af0d405210808a0e.jpg,1
6278a757b4165d42942ba9f51e669ffa.jpg,1
6f640a2caa4157be89ddee90189ac505.jpg,1
418c4181b1425343b8fec04608ebda70.jpg,1
b4a3e1bd5b335615b582b8b0904d01d9.jpg,1
9ed4bf6c81755ddcb3c087bd9d86a433.jpg,1
31ccb393f225590e8a3f21123c5b6d77.jpg,1
8882a1c4f56852208650ff2183402440.jpg,1
fbc396b0baa552378a5ec85a63c88ad2.jpg,1
03fbf14891625344bdd6dc6b96c3014e.jpg,1
e92d22ad5b335db0a7b0ea98aee53d41.jpg,1
fa5bb13f26b551b894ee8c4a0183825f.jpg,1
8baff6faa0905a9f9706251be00ba641.jpg,1
b3d1ab6a54f250038cf4ab0799d743bd.jpg,1
98f155481806513898f6ee0a9b7d1e97.jpg,1
5b815c2aa89a54bcb1c172e6516a9c37.jpg,1
25359a383f155d4aabe88deee6b254d2.jpg,1
a043809355e85a2e8446e044c5762800.jpg,1
49b58cb7e05f5c3eac3c79f9e14730f9.jpg,1
880a6cbacb685aceaee56f5068a0f1ee.jpg,1
0c9f8ec305375fed9d2a46612b3e9735.jpg,1
1767a1d4043b530dbb244a9a70f56ed3.jpg,1
52a3e722d5355a4a820c0b5f7e2f828d.jpg,1
bdd0cc07509750dd88eaa7f79e039880.jpg,1
e87b699c261158a9818dbc40683984be.jpg,1
254eda48e26b5ccd9853d9f387de1544.jpg,1
0ace0b86e8cb5c29aef56a9e9ee92495.jpg,1
4c36edd4867651f88016824a603e4578.jpg,1
10cc3ee7c32352369ed5e58971495767.jpg,1
e5a914c499d65e4c91cad48a45553d72.jpg,1
4b5bea7fec625305babcbd0ed509e836.jpg,1
f0b0baba3f7c5652979c19490807c08d.jpg,1
39302601f68f5296a19ad29422985a3a.jpg,1
766504cdf37555658164ee6e2f9cf7b8.jpg,1
7cbba5be873b5890afe90ae4cb615a62.jpg,1
4e807519925b5537bbedd2a810d1c3ed.jpg,1
e88105dee9e753d9b1a00bf0dba8cab1.jpg,1
19b6e25d519d513b85dbb0b488709ce3.jpg,1
704f8040ec715d12a304f737981a5cce.jpg,1
62466bcadfd1523fb76f81a440cc0e03.jpg,1
f488e7ce8ea65777b256ae772718d6ac.jpg,1
c6d93608bec251348f3b13262236e6cb.jpg,1
bd52a602f7bd5c77ad7a9ebfffc98fd4.jpg,1
dab3498c39a85110bd38f9ae84ee59ee.jpg,1
b20c61f987e85af6a68e9472085720dc.jpg,1
f0220d084c8c58f3843326b6c7beec00.jpg,0
a3f5a4ea71ba5cb7a4a8fa8e3011a122.jpg,1
17d2011aa8cf5d269c2a44b4c09d0cd0.jpg,1
665d5606017b582bbf255f94c78e2ae2.jpg,1
1e5f4ab7c2005a15b60e82915a0604b4.jpg,1
75f7afdd06c4509aa1f320c60936c1c1.jpg,1
99e213680c3156b6adf74093410cd3e2.jpg,1
f0f02d9e758e515fa1d4bad6edc23bd0.jpg,1
8ccfeedc75f759eea9647d39815053b2.jpg,1
e190075e956358c5a5dc01790a2ce64f.jpg,1
219f92092dd457d18cf632ce8fdb9025.jpg,1
f4ad1d36a71c55fdbe8af71d76417f12.jpg,1
7042ce1d5cf65ef2a8e38f1c6bb8837e.jpg,1
b11f679563785e54ae6e709a3cdc94fd.jpg,1
cc106f9621be5a419a680b9556e67c2a.jpg,1
8a2137218791581f972cae351a224ed4.jpg,1
d33d3a3cdb47570885ed5c1565c2dceb.jpg,1
fe532e68e15d5324805d1b9375762e9d.jpg,0
367cd742627f5730910bec47c7eeeef6.jpg,1
9b978db901fd5477b83292a762d75d3f.jpg,1
5a20e3b713295ca48557e553f4b187b5.jpg,1
aa135a188c865f0d82a58792882fe5c4.jpg,1
a333e3eb50995a3787bfa3a8fc35a54a.jpg,1
c8f319957de957ba9edef970192b7d5d.jpg,1
57d8fc77a1fb57e59656821dc0af7393.jpg,1
8ef3796010f75ade921b56d0f88d47c5.jpg,1
ca815968762857ac9022e8a9f2364574.jpg,1
abfdafebb7cb5b28b8af73aa04b910fc.jpg,0
7dc54d1017f15e8f97ad7c3adb68f109.jpg,1
9cf112812df154d095ffbcdb45f837f8.jpg,1
af400bab84aa5bde99663f522cc6e0ca.jpg,1
bf7f3a1066365fe7b431e912e60e3468.jpg,1
2e6fb8c715e850f4a4b3a085b57a8ca6.jpg,1
87bacfeef9dc5e59b5f4ee55b023a4d3.jpg,1
52dc6862c0dc5097a5c30bb0a6b04b3c.jpg,1
fced877897305412a73314ce4d47505e.jpg,1
202ddbd0a1d958d68540632ca9c79053.jpg,1
be1551819dff5ddc8ee11f7806df8f64.jpg,1
7372e561b7c25cbe9cb9f95e08951fef.jpg,1
cd35e7a9d645567cb14cae0b9edc810e.jpg,1
86ef440ce55b5b909a25944df63d2090.jpg,1
5adfbe48da12533a85b715b55f6fb928.jpg,1
a089222ceeaa5b2691ab822893e44b49.jpg,1
807267c420705298afc196ff9ea4b595.jpg,1
574d181640005358a43fd47582ad12bd.jpg,1
8a309cec720153bb957b086c308b4c7f.jpg,1
9d4a151a454b5916bd64b72bf85fbb67.jpg,1
60ff31da27ea5b29b922f9d55db4402f.jpg,1
776ca4352d1c5984b081df9f2fd6641f.jpg,1
fd39350a29ad5f9190617a1957c110b0.jpg,1
283946d11a44555485fd678e47da8610.jpg,0
eb82614a209454978975eb10ea0f5b79.jpg,1
6b464d07726552c9b46eafd209268dce.jpg,1
4309cb84912f58ca875b13b074c367a8.jpg,1
e4ad9e70f34951b8bcce2c9e563b5ec2.jpg,1
476fade8de69571ca72d12fdced3fba4.jpg,1
3d4fc0aa0b4454b1b07e272e23191ad6.jpg,1
68ca0a61195a53cdb51475cd56404dae.jpg,1
95c5d1e9582d5a5e9a5952cf29dbec82.jpg,1
bbefc6c2bf5754a880e73721eea1cfac.jpg,1
4ecdd8d4073f501ab6c3b4195a78c0f6.jpg,1
930785def1325e2ca68e41b08ce94957.jpg,1
b6b465d767115cbe94fb4a3e0153dbd3.jpg,1
411aa7ef9a145d878d6abb3ac92bdb80.jpg,1
c6b6ea5d999951c18d67d869bd0418e7.jpg,1
229e508da23a5cff91596adaaaa778ba.jpg,1
6b5ec6af62ee5c2089bc4624833d52f5.jpg,1
f9bcce27413a55d0935f3b9955b1af8a.jpg,1
b478f54f9d6056c5927937b9f4aa6d0a.jpg,1
e8a634629bf15b1d8cadf93d203d3ef8.jpg,0
e8e6e520953a52a2b1c146c7406dc30b.jpg,0
2ca217f210885d9b8656728aa8ea7803.jpg,1
0730638bd166597499813fd85568d963.jpg,1
2f95a7b1b4ea5670805ed903fa43e937.jpg,1
7d0d087333a551bb88b4f572f9f6603e.jpg,1
c9fba8cb17af5ee6bc300613d3e0b16a.jpg,1
79f6a93394d159fb947dfc18187bc8c7.jpg,1
240887c580e7548dbc029a1cd0517668.jpg,1
f3c5fce90e6451478eb444dbb22c0e24.jpg,1
7a0a83ff58ca53ea9cf00c04859374a4.jpg,1
2027d5d467715a6497661ce28cd5991b.jpg,1
f3ca64d750ca5ea196c5500d9babaf01.jpg,1
254fe9902f76585683f25890d8d49f75.jpg,1
085e611ea16c543db879224ddb646e9b.jpg,1
fff84c7761a05e2cae043855e995d520.jpg,1
44b5b872e3fe57568bf6ba4d09dd9f85.jpg,1
2a333ba8bd645b5285af0acb431caa13.jpg,1
61f3e5f1b6d45d029432943d463df062.jpg,1
7d82fe4722395b65bade19c99a14eb54.jpg,1
d94f5130c8045726b8bcb954c2f5562a.jpg,1
912f2a1942fd5b8db7939afe01fc7c27.jpg,1
926333c8b9b25a6c91baf618daad9a94.jpg,1
921c5e94093a52b19cbd285490cd99cc.jpg,1
2cf08b7659ea529c8cfda30c15f942ee.jpg,1
4ae1151ea47d5b12b7b54cf73891c74d.jpg,1
8d00a760add95d419692dc5e56fa9dce.jpg,1
c3c224689bb05ad7be7288bc1749c429.jpg,1
19442ceeb7cf54c184c201189773c7da.jpg,1
30d6b06fed3854a1bafbf56ccdfef168.jpg,1
fb240fab4efd5878b9e8808f75cd1f0e.jpg,1
4f695c9fbc905e5cab41466d539f2c34.jpg,1
f8b8132eac0856e39531738f10faae79.jpg,0
e3c2eeb400a957129634161bbc5a12d8.jpg,1
31475ede49d15c279ef04d048c6f059c.jpg,1
b5cc6db2888a5a899262c7dbfe2ee0f1.jpg,1
6fefff9f7e025a59b8bbec2eae0ad9d9.jpg,1
79440bc355b15be3abb5cff1f75f7e88.jpg,1
f8c4848fba565f98a03cfcdab9cf7aa4.jpg,1
ca39a82857c05d0f8a9d61f048658235.jpg,1
e036601e39075e669f92c7e401f459ea.jpg,1
31e3ba9930485e47ba6f8d5e9e067245.jpg,1
ef98accfe0ea56499544211d9c96056b.jpg,0
d4d002e0c55555d891f16909028ad8c3.jpg,1
4daaac7004ce5c37b8d51e9b93f1b00b.jpg,1
24eb256bfef95cec8897d22882a5503a.jpg,1
efb5e82b16ad5c13b406d0dfe22083c8.jpg,1
9ec621bac6ef562fb6546a9dd2dcc39f.jpg,1
f5c8cdc79c3b564c98ce1f39734fb695.jpg,0
fd40a0440939527199bcd706a86174d4.jpg,1
ba29098be9d8551284563b1b1c1d0af8.jpg,1
65bd0fd354f151339de46ea597ecacaa.jpg,1
754ffd374c735c1aae2069cd434be8f8.jpg,1
70d8b4f7cd1856cbaa4c890d042b4d16.jpg,1
c91cf8e2b4fc55449a15e42650be21d7.jpg,1
252f514c28e55b20be6476ccf6428d86.jpg,1
d2176a5433e9592f89ce1a7ce6b53d5d.jpg,1
e140f2247cf15f359c948bf2da8473db.jpg,1
a278cbcc0024512c8737318feb2ed52e.jpg,1
5a91b517c54a539f873f99e38ff10529.jpg,1
7ef6769f792d55398455c533ba4fb99b.jpg,1
247227a92af15bd3a8b18eee7b0141d1.jpg,1
3897f258ad79518d95d6b79112f62858.jpg,1
578b38f6478e537c974041ba89f0c22c.jpg,1
7b98d18fd6b05960b8f7994e1d9d2316.jpg,1
7bc7c7d61e4456e7a2d50395d8bb82d8.jpg,1
b8e8f8d3610c5451b66f4b2b953fa9c3.jpg,1
a6e734c95bb55ebea585d397d2d65e04.jpg,1
62967eff8e7e50368ab52e4fda9962f7.jpg,1
c1a2b8c41f0f59839128c7846d7eede8.jpg,1
142497d4820b559cbf69ec42479e1769.jpg,1
cf4d6182c1085fda85175699fe67028a.jpg,1
7f4777e14a9d5882b891e4e4a2a011fc.jpg,1
702f6800fd63599fa2662833e988e517.jpg,1
67ecfc4387a35bcfb917f0518ea51b8e.jpg,1
5a838e34b50c5d7e9c27df5d39cdb7a6.jpg,1
b391bd78d00c5e15b331caf280ec0617.jpg,1
88c0c67bbda755a98bdbb3ef77fbe1a2.jpg,1
c9a668476dce5ab3915e80d065c010f8.jpg,1
9752d19347745539af87cb16ecd67ccd.jpg,1
e9349194671751aa916e04332be50424.jpg,0
fcc2438a6a585efcaecdb31d42d9a387.jpg,1
4658a0b1f133571bb71b0077ba970ddd.jpg,1
107f25ebd87f581ea57c630a2dcdf50c.jpg,1
6dace40495785aa1be13b0753ab04bf3.jpg,1
30a9aff8a567521dac9e7c42a28213b5.jpg,1
9c7145a8776f58808db7d0c33e74c184.jpg,1
071c86920f7b5b439cb03eee6566f0d4.jpg,1
cd041a7180b2551caf81316af764f9ac.jpg,1
1547fee8e59b56b8a0eda93ef0b820ce.jpg,1
bf3790a436c35edaa38bdaa11a7801dc.jpg,1
ef1e0dff1a0952599b2eaefaa3846316.jpg,1
4c647e8bb5f7594eb311dde7ed57a324.jpg,1
6b1af761a0b95a289ea19773c66a6242.jpg,1
fa17a79dfd515d90be1f7ccb9d471695.jpg,1
42d83f28b54e582d8a05cc2fa328acdc.jpg,1
967ad7f63896569c91ec99cf4c1107f8.jpg,1
b8ab9b6aba68572e81b876317aabb931.jpg,1
c67ef5f9868654e0b3f720d1e4576f53.jpg,1
c2437a9f8288509a83bcf054110cfe98.jpg,1
c83a95098207584391fd5f82e3bd524d.jpg,1
872e5b96ecca59aab3468ff5a4be9bbe.jpg,1
ef80cb6528425f85aa19323431f69476.jpg,0
b47482f62fbc5bfbbff789a7cd903ac5.jpg,1
168780e6a4c75af6a38193e0fac23227.jpg,1
4d35794f29ea5f298dc760ad10cae889.jpg,1
10a4407b80cb5a3b94e43f1b4b2350ac.jpg,1
9b1d6abb5ca65e779cbf7c2930e50c73.jpg,1
8fbc1f2e78095feb9a6d5db2b4c57616.jpg,1
411dd1e81efb541da5ba319f2b8d4277.jpg,1
19cbbd1314c15e419c2371c7b6d71792.jpg,1
0b85deb7108a5af59391cc7f59e8c200.jpg,1
d5892672319d5462b9b4100512504408.jpg,1
610c09a6468559af9d9c33c8c69d6e7e.jpg,1
ec9d9c8764415534ba40176128ef7531.jpg,1
057b207983775d56a535e51fb0c015b3.jpg,1
c3d995477ace5e9899f8ed77edf31b86.jpg,1
0d2ab4d2c6e15e1389f6ff3f6a3d326f.jpg,1
d18115a4708b590d926e8f2daba1232a.jpg,1
5276f3df04c1592fa38134b5f4163cc2.jpg,1
3474fd95281b5fe5bee660b7c23f182f.jpg,1
21f8f7e2ffc059d08c0575ca35c32c1f.jpg,1
6dbfac8b42d550ff887a5ddb4ebbad28.jpg,1
43964d9a6ed656659954b64d8571ae80.jpg,1
6accfcb7cb2e5c6f9231a6a0fafb9ae6.jpg,1
bf4ed9892a0a5fcabbf64aedf7737926.jpg,1
24d45e3ec5be54338f79457f0034b6ac.jpg,1
32ce2411be7a50a1ae8d933da6a3a333.jpg,1
949ffe83fd0b54368f04fa8aba687fa1.jpg,1
e8a80ac6fa0c5da2a2e056b46fc4add1.jpg,1
ef5029afb315582da79742fbe8189b1e.jpg,1
7fe4001dedf65689a47bd089a91e32e4.jpg,1
aa80cef690695a32a88546d66c3d6f31.jpg,1
7688d9ab05dd5f919d2ec1b9999da71a.jpg,1
eb3fe8489a955831bfd73d5f32a410f0.jpg,1
c5e542462899588db3ce479f82dba25a.jpg,1
3f5ccacc350b5f5e8c79dda16fb672e4.jpg,1
cd71ded991595756bdb28968b8f71378.jpg,1
4080d2752be05c8991d399abdd93e0fb.jpg,1
ab0d5f3328fd5a2b924a587c901f9b46.jpg,1
d6faf89711e45001bfd0bee3a61576f1.jpg,1
44a6f6b432a55a40be2f4a5dad759970.jpg,1
b754a9181cbe5e00a319b90c0c239162.jpg,1
6f7c909ad78f5af88b56c15bd94b9770.jpg,1
977da0d66ae653e8a62f5b0cdbb125a4.jpg,1
64f806d949cf59f9928e09c04524a82d.jpg,1
5a95002fbce252a49a80dce6cff9d42c.jpg,1
a813145626c25cf69b96e9b77e0d498f.jpg,1
eb5260563c9b5f9cbf26caaf54cf7ddd.jpg,0
6d011e9128865e2985f62914e419ae6a.jpg,1
da0401cc8a0d564e8816fe9d570c7dcc.jpg,1
86c2509919f5531189aa2c71091d5ecc.jpg,1
dd482a1cf8795b8baa2c824219af4461.jpg,1
28fc7b4905555df58cb8ac41c3e9cfd1.jpg,1
c70e160acb1955fdb4215a9983c628d0.jpg,1
0d6057b93da8540d8ec8270fe7b69afa.jpg,1
d17a6f23015758de9955c94002b24acd.jpg,1
5506aa2bd4d254b9b2585c15ae1d8ae0.jpg,1
262b4e2a40d45770b9592089cdf6442b.jpg,1
ed069402334459cb9a761a47a22acd8b.jpg,1
542a5bed63a85708b63ec0cf030dbd1d.jpg,1
a131566b72a95ab38adc771e33d7a2b4.jpg,1
78b0b37a33b9571fa471cc34999de6b3.jpg,1
4419fc01b07154ad9f19f16c95caa83d.jpg,1
f83bd7f733ab5a7d8ad1e2378a6aa3b2.jpg,1
347870947f4d5625be36d0b4d63109b9.jpg,1
1cca64748ab759aebfde89554ae4b09a.jpg,1
856955f666585ed5b4d3f135d7419fc6.jpg,1
35edf057238050eb88d795267db51c75.jpg,1
f61e45f6ba2856df809abdbdc7c4808f.jpg,1
cbd058473de2523dbd4235f7f6f2943e.jpg,1
fc5d185a068950ae9903061c149e4520.jpg,0
1fd98905f29b5ee7aea1aafa48f7bb24.jpg,1
36f1e45e60455f33b9c44b85284a0f7b.jpg,1
d3d6a6b9ccc1510dae83d37c071e48b9.jpg,1
e37566c302905f028695fa8bfa04bf8c.jpg,1
2b3931053f545bca9c804ef1a2e704ef.jpg,1
9e07eae1838e5d0da5a0bac3fe104dc3.jpg,0
75f7a026b8375277b5e0f995e6baef50.jpg,0
f5e7b69b6bc65e9b845722a9f4afe8ad.jpg,0
7cdf5c043ed456bc92a3f0c2ac511604.jpg,0
e6f9b495657154c8b6e83b5d8426ba63.jpg,0
5721801cc8e252149ef5410b30c9095f.jpg,0
7e36ca7ff0f351aea03fee46bd155354.jpg,0
83f15d7738f852e5bb4083d329629bef.jpg,0
10945172ccfa5cbfa306148408d44223.jpg,0
85b9f06aebf459678aa0761f41f93cb5.jpg,0
43ad00d932ea5f6d8f1baa7adcb3b5c4.jpg,0
8c2e25f6c3bf55d2aa61519628a4fae8.jpg,0
0cbe58c2f2f65c3eacbf6c9307d10d88.jpg,0
4b7f100beb9c508cbc2de0e989c51963.jpg,0
530b80cc2a775046bbc388c222994dfa.jpg,0
274cd713f53d5d8f836ecf43fbffeeb9.jpg,0
a446eb28f49d5a33a94f70d2841fdf30.jpg,0
96d1a313038654de940af0bc48f6cb60.jpg,0
e1307cb2ddbe577c91d4f803e2a2d282.jpg,0
a0a57a0db7345f5d86d572eb1b2775e0.jpg,0
6df2c3dcd4fb59298c7a73467ea72eeb.jpg,0
ff5ed999f18253028346072009c4c384.jpg,0
7bba9bf3537350cfaf49ea5ad7bb3ff1.jpg,0
11a012f13c2b5203870237c27e7289e4.jpg,0
04e5c019ff7851168e889f142dae0238.jpg,0
9daf09dd264d587c8335e5a741d86ae0.jpg,0
5530c59838ae5f39a582071555ad7119.jpg,0
bfe8cd22826d51809649ff000d569663.jpg,0
f986fc0d47215d008158f34831c24098.jpg,0
06d41c7dfbb15c8b9f5883b8101f78d0.jpg,0
6c666970394450a28a2f22ff8663e898.jpg,0
2596541e891a5cc7a426195ab087bf67.jpg,0
c38f38f1bece5245b01add588d3237d5.jpg,0
69725414296e55058440645af50cb068.jpg,0
4f855a877f835ece98866aad8df6c0c5.jpg,0
70df0467f51c5e60a3d636ca2af6dbea.jpg,0
11103936688a5b80ba4d1cfeba9f50e8.jpg,0
37c0c23eca355daeaf531011342297f5.jpg,0
5a0a9204f0345c06b25a5f2668b838b3.jpg,0
4e82cd9e403a5edeb92bee62410fd9b1.jpg,0
a2a704d543f0560a97894dbd346c970b.jpg,0
a4d43575b27c573faf7e403276c6303b.jpg,0
4a41a5a248bb5894a7b45640be90cb5f.jpg,0
aaf9bc9974f2572389f5f2e300868253.jpg,0
28e164e527c75af998e2914a4de3acc0.jpg,0
6ac8b45d8aad5f36874f35b7a75cd01e.jpg,0
42dcd9a0ceef56e283d4d52d9c5a9b29.jpg,0
bb1d6b21598c5160a0cd09377ddfa890.jpg,0
d8dbefd5efde55dba41e9aa2b16c0b37.jpg,0
1b7283b5714a512999c2907f88dce9ed.jpg,0
64ba06df50615e5994ff03dbffd2310b.jpg,0
4ad8f8ffe84e54d9a53a53d5c9972265.jpg,0
4c251d8e572652ffad170025e71c8039.jpg,0
20bd561fb3d959c4972e7093929fc93a.jpg,0
e1a464fbc61152519fc37f1a25cade3f.jpg,0
9e5626ac42b95d878aabcd45e77a0aed.jpg,0
64b5172138c15827ba952a8184ea79e1.jpg,0
15802e875cff5f4288bdd91800220f33.jpg,0
ccfafe644c3c5757817fd314def94a92.jpg,0
1fe706f59abc5ce2b87b3c04ab741380.jpg,0
284f91f8d284569f8978378ee0ec0918.jpg,0
a174c51fc410562f94b5259f69fd721f.jpg,0
3b8b47150fc15e61bca2a0ad3d7713e9.jpg,0
562ced607e3a51f994181a3876522194.jpg,0
4e15c99d14045a23b54329b62de7040a.jpg,0
b5886346ef105fe289e22d0959d49075.jpg,0
c027aac27e165342b0251fa2c7732431.jpg,0
59e3a24242c75cd6a8d59146dda8a5df.jpg,0
32be674a05575416a463dfc0956604cf.jpg,0
b6eb516caeff5ba9a46d212ffdf9f676.jpg,0
fea145f2a3d254de9306fddcaa3004bb.jpg,0
2479138d67ac50b687cd29dc235b7f91.jpg,0
3fa3b31244125534a41bf13aa858106a.jpg,0
94116e28a6fa58b7b0b8ed0aad3c005a.jpg,0
c2d8d798ff5e50ba862ee579ec622c86.jpg,0
d4b1b76027175a8fb683c716f22db9cc.jpg,0
d103c86ebb845936abc6a9b587f688bb.jpg,0
7b4b8e09b97e5f3aa41dadc7f7b64db9.jpg,0
a5623b5ecd96551691bb4a4f2cb986d6.jpg,0
e49f5ae4106255f784445451a960eaf3.jpg,0
32ee9b5784bc5ac0afd92641e3314cf6.jpg,0
329d1b34ad2f5404839e557e092f80c1.jpg,0
4f4d5b5275c053ca883a7f5e1130bd9c.jpg,0
4626d1093b42588ab764f5daef9d513c.jpg,0
680116206d7150c4b5923997c61cb354.jpg,0
39c0b0c0c43456a89e18c9f5ef23805f.jpg,0
f89facc33d7a5bd2b7c0fa488d157012.jpg,0
6ede910785f9539484865e0673e0e609.jpg,0
cabcf01c4fd956009e28ff525d51f91a.jpg,0
5dd2426bf77d5c0590175da9d1d5002d.jpg,0
9a550e612deb5d6a88100547f923d94a.jpg,0
8758559848275037a891d6578dff777a.jpg,0
2fb32837cebf5a3b8abeb2d41624c4da.jpg,0
e67200bd278c5002b87b95a3b75e5008.jpg,0
a6f6768a3f0b59649c2ee08793e50f50.jpg,0
da804946538158658ba19de1b0ec5645.jpg,0
bf431d083ebf5a0b9e5dfd53bc187936.jpg,0
b1412f091b4d5c1aa87b4b51baba469d.jpg,0
4b5757224294539a8f4d36428407af61.jpg,0
30443d7b2192525c94e51ae45686d6f9.jpg,0
c090782d02035580a2ae5d3f4aafa7b4.jpg,0
787f31747d2c5d668e661156f9553569.jpg,0
3dc14ae979b75d05add5fd3821c862f7.jpg,0
7676a575e6865cff88e2c5ab9bfb6005.jpg,0
d355a69233065796b26d6fef2792f4c0.jpg,0
cdb5207980a15e16b1d753d9ab174a96.jpg,0
4d92e0fe14cc5f77938cc6f5f5b3e3a6.jpg,0
e1508126d8895c07ab1eed0fe6f35428.jpg,0
40f384f64dd9596298ee7a9a5bbfdad9.jpg,0
0e4600c5375a50ba8527fba1d6f5a839.jpg,0
5df71ed436545459b1bd46a2bb891d73.jpg,0
c8da0ead495f5b67823a0c1fd6ea454b.jpg,0
f35f9c2758ef5fe6b781cfca8ccc5da9.jpg,0
2c8079eab49b544e84407136b3d41cbd.jpg,0
e1e80a98093959ebab8f0bc8eda93e3f.jpg,0
819307ef154a5343a6e4b3762aecf056.jpg,0
5bc10aed95c05252a31e1edcc8ed4f48.jpg,0
b4cb7bc119a85da2844a6e3eff9f4faa.jpg,0
bca65188171657e799694c70ed87a06f.jpg,0
20a9314ff35154d8bf3d0484c8c75143.jpg,0
1e2b5325e94a59d39d6ab780deaa9e4f.jpg,0
a91fea7108525232a1a3db27a5ef2e6d.jpg,0
ba811ae73e1f50c8961a9aec0e72e1fb.jpg,0
69d2f63913b1577bb7099b7a7165dbf8.jpg,0
f9b5aa2c3cbf5ad7a29ee49082009dac.jpg,0
465084323936570da664f0ca8dc90326.jpg,0
3fb486ccb27a5dac9c3c7236bc964650.jpg,0
6aee67e5ef7b5cb8b81a858f28354116.jpg,0
23c985894d3d5e2fbc534f3a30da2f43.jpg,0
2d4ae2d44fda50f6a200905e89ff18e5.jpg,0
9f58c3e345c252bf9593732cd3d878ca.jpg,0
c70edef2fe6153af874eb83d137e1338.jpg,0
0c2ca506158b5d598bdc63c451cf589c.jpg,0
81628a1c2d8e540689a5829ecf4c96c4.jpg,0
f31131f05a625f09916fa3ecd86f0b7e.jpg,0
ef3b4b2dfe765c89a52fccfa38cfff28.jpg,0
baa6cbc78a0d5315a1a68ba9a061c428.jpg,0
239401f1d16c5b43b97842fcb452380a.jpg,0
b0502e74f079514eb77451fdac3b468b.jpg,0
cf3d0ddb336757c3bca80aa095dab37d.jpg,0
64b5682fa03f595caa859872d3d38b67.jpg,0
060110b653a25dd59273a72121c3d5b0.jpg,0
e1fc3957d97b5ee9b105b6e84bd50fd5.jpg,0
a32b6ecd92845e228b7115d3b8021675.jpg,0
55cd155ac5f65e94b86bd883f4fb612f.jpg,0
f4996654d4e559db880d3840389a9087.jpg,0
080ac8c49d335d538a7364dad9e91d45.jpg,0
084e57f95163569093f3adb6844bbed8.jpg,0
f76845c5635355bc970cf117d5801685.jpg,0
937d17ca39125bcb9fc56bc9b1e47e24.jpg,0
63cec475a17a59438bf7cf1ffca6cc44.jpg,0
b8a10e4cfc3c5abc88faf229b1a2b7b0.jpg,0
b97ed2a6e75c56c9b7295b7889d3eae5.jpg,0
882389857cea53dd9e81a9e381bf9d9f.jpg,0
3034a07ee0685f7591493c6f19241e25.jpg,0
a29f28e9f91a52b2a65bb44893056481.jpg,0
ad6dacc0a0fb579aab3d6cb18ed37cf6.jpg,0
862614be2b7652e39df4cabcf797be35.jpg,0
3d53ca8fe726521f92931c5a0e52870d.jpg,0
4394e049de495231a179bc4f1316a146.jpg,0
574cdfc74bc65f7ca12fbaf1de7d75b2.jpg,0
c8e7d92d5d575b598cc1fa104a9566d0.jpg,0
f1029aace62e53c894866af05c9443cc.jpg,0
2ecc37266b1650ed9f4e8719f6a1969d.jpg,0
26203311b4fe5eb688cfa9c80e08404d.jpg,0
d59901c6b2995a0f90c79aad5f175b50.jpg,0
6e154548b4f35d84a0b4a7dc5ebff2f5.jpg,0
c62b6e29869b574ba56290043dddd7c8.jpg,0
3ebdd8c2f76a580988ef8bd66bb14847.jpg,0
970919f8ee475fbf8d13288a07d04980.jpg,0
3e6468d50dea5752b6e91366a2d4621e.jpg,0
c413b30baf2c57e3b417ddb97070d522.jpg,0
74b20adfd64551d5a533bb958fef465a.jpg,0
128873df57b65c31807f33fff2066213.jpg,0
60c1e68db5d558459652012d15350e53.jpg,0
f9a7cf35be325393b84f3b01ce37136e.jpg,0
5f28268a2da55fc9b310832f0fb716c0.jpg,0
b59d700a3e2b501193451709f4070312.jpg,0
323cfa6b64a3529ca9e21f702508e969.jpg,0
8585c172cfd7578f945c1bf2e1ebe072.jpg,0
a19abb577f1854d0bfce903016096937.jpg,0
d3c05b6ff7ec54e38f7d371040359d95.jpg,0
83107ee1692856aca651c25f3fa4244b.jpg,0
8ba7d643589254c888fbeb23cca14961.jpg,0
163ced6d293857368762242af74c0359.jpg,0
99ba3d6d163d520fbc94ee1bbebd02f1.jpg,0
0c53b923d88e5bde8212c7898db61238.jpg,0
3b844e3ceb9c53688423a04129fb0a40.jpg,0
4b6973990fc4545cba8b7a6ad247209d.jpg,0
8971bb61e76f574ab834a9c0c829082f.jpg,0
eead1b9f76735a3ba636f41e94303946.jpg,0
8b8d2582bcda559c8f21f95d23646338.jpg,0
7f744726b4af552fb2c26350f393f35f.jpg,0
0a8c0c5b59185fd8855c95fc78dda578.jpg,0
a9bf259b9ce55ba6a322a6c6366f8585.jpg,0
51b88461cb205a76a32c741afd55929e.jpg,0
ab7d9a828dcb546abdf18daeeca9add3.jpg,0
8737eb44515959388b66076bb48ef445.jpg,0
10976b01e3c7535da5d334c2f00e9375.jpg,0
c332bafefcb155e4be5b1329b7dfb878.jpg,0
142c4a6aa1235e879a35f8cf4912ccc9.jpg,0
8d8bf03efdc45f5f9cf1c3ba6d1ec8d0.jpg,0
6f54bfa0a85c54bba9805c5938c8bcdd.jpg,0
f7dfaf057ff6516ba4847652edaa3358.jpg,0
c81256d503a65ca6b405b7d0d59a8621.jpg,0
110a2a41fdb85824a4ca1dfa9b00faab.jpg,0
93c6e4dfd5e85fc8b8f6f4c45953bad6.jpg,0
516014cb7f245b1db7ecee7a9e28fb57.jpg,0
1852fd836b5754c9910a02c441de78fd.jpg,0
5fff0be80d8b50568d0ee161ca997c9e.jpg,0
875f2168e4635beb927129529a47b016.jpg,0
78da9e7257525aca871916419c8d2943.jpg,0
02cef51891f25c6fa33b6af311d533e1.jpg,0
ccdffb4baec352fe80c123f3672b664e.jpg,0
46442099847c59a7876bb45029c99f66.jpg,0
06aaa3eb8c875036a04f12ac2682c7ef.jpg,0
b087de10307850bca5f54c8ded053c82.jpg,0
eac9547346f35d8b8091cb2fcba55346.jpg,0
8254d975f65152fb8d1c5c9aec0c2d59.jpg,0
ebef3362e43855dba12a665e190c6df1.jpg,0
076f8faa616750fd83ce3800da32dbf2.jpg,0
8f79e0baeb6f5c889f3f58011f649ab1.jpg,0
732eda2c780253c8afa3c1912075f4fd.jpg,0
d467d3fa474b5a4dbcea68b192d16468.jpg,0
0cd9857c574558c886c4968d91d8e1b2.jpg,0
995565679e1b5cf4b797a1b12b06eec1.jpg,0
137ae25d1c97507c83c9650a390c52bb.jpg,0
40b597988d3f5d28aa2fa1fead472d6f.jpg,0
ffbc1148e50f533f98cac1836f3e279b.jpg,0
5c8167f56f3f5f75b625162c06f16ad4.jpg,0
3fbf80104c9655c48623717a25fc1f3d.jpg,0
3d67c70072bd57d0a2deb5d0b2e9dc81.jpg,0
068a6b3e76a4511fb1d238b645041dd6.jpg,0
bc827266cdc459668176cffd7878bd56.jpg,0
b936cc107618576aae2020d572215909.jpg,0
f41d6b8161675ebabfd2ed521a737f4f.jpg,0
5282098dcede56a9a1424fb6608efa52.jpg,0
a87e2fccdc5c5d0c9be99efd36497299.jpg,0
cd25501a008b563484e66fb757eb6bdf.jpg,0
20b1ddefa8185b8395542f494d405734.jpg,0
2f2bd3fe81cc5065a25e3c18cc698565.jpg,0
bdaee41f4da859ee8b8f13c38c464c21.jpg,0
54feae3a1c715e34acd5da80ece83203.jpg,0
22f7f3cb2b24587d8eb24f7a4fff09fe.jpg,0
ea9182be57e85543946614bc7858d389.jpg,0
35c4450c98e053298da781d310fab3fd.jpg,0
798d7a4b82045462ae446c0af1328e95.jpg,0
0487c043d45956d79b3f770f7261e1a4.jpg,0
5fe686efe6c157ff99c969e1c19687a9.jpg,0
16f3261fcc5d5900b15fd677fd0511a3.jpg,0
98b4b8295aa85835834bc24b7e620afb.jpg,0
b429673e915953fc985177411a6c17e3.jpg,0
33c19ebaa54b5cc8aa461917e69c323a.jpg,0
f5478e23361b541da87dfdb090f1e358.jpg,0
7b7af67f57cd5203a035d7b727132e9e.jpg,0
ae63eeb9dde159249685717871497545.jpg,0
c97911bb894c5180bc409ad74b3ae914.jpg,0
63b70efa45e45b0eb5db0c234439d61a.jpg,0
869036b7f7d350df98b962a6fb31139b.jpg,0
768810fef5195e07a858d0dc2a42d109.jpg,0
84aaa38b621b5c6daf01f2da476a16cf.jpg,0
dd53b3f5267f5cbc916557f188e3d2ce.jpg,0
52c1486697f850778cdcba2060b7827e.jpg,0
15dc108b690a5f6b8b71e80803fe93cb.jpg,0
70f3da9193b45ef0bcd2d0c83f566eea.jpg,0
9e0ce129d24b5b1d971f64f7541250a6.jpg,0
aea9f1294f2a53b99ea8f49f39d0b917.jpg,0
99baffe5b03758bb8a0c9c78705f3747.jpg,0
f16632f093725df6bca28d6fafb0ec04.jpg,0
71439439c06a5513a088c3247ad8fb8f.jpg,0
ac68faedbbd55a98ad10159f28f1f17d.jpg,0
9c52d478eb5d55aebb42934eb887ad65.jpg,0
d9a62c4d926e5f3dad36f1ed2fda821a.jpg,0
e11aab206c4b538b803b0c5d8638aa3a.jpg,0
ee62154d515c59e5961126f8dcd4905a.jpg,0
9a1888b11a0e51d283bf5ed4e628c3b9.jpg,0
c7af21ff925c51adb526c487148bac6d.jpg,0
c3252eabc0c65bd2b305b53e95c6bf07.jpg,0
81a678cc502d5ff484769e76d1f267d8.jpg,0
ef5c692d7325554ab81a87f28dd619e4.jpg,0
4e07a66f13c356ebafe549102244f679.jpg,0
9126c8272f925d509201c0da625b9bd7.jpg,0
18fbeb033fbd594597770abfc211330e.jpg,0
f6e6abfd77935ae7bc272d8df16c2a5f.jpg,0
bde259579a985cabb31b7f0b04c1df48.jpg,0
b25f1586f9725741bd37e27386aab8ae.jpg,0
c401c038b8a05ac889694d98a7e83b92.jpg,0
223a337008815ef484fd00f8a0b3a082.jpg,0
10262431223051ec92b4aaf16fa4e77e.jpg,0
04af8a005d485bc291124bc288cc8d7f.jpg,0
203caa1b9a4e550884658c27e6aab119.jpg,0
df3d4fc0644c56ee9caeb1778afa2f9d.jpg,0
ccfc8b0723de5e1e8ac7349d60207687.jpg,0
df0a063db33d5364b4fab1db246f6088.jpg,0
9417f4c9ada05d3899cb6fb11a9f718e.jpg,0
46b77a76286e571d96c1142a060a7255.jpg,0
a65af7599a7d5f4bb6d3aee3b54b197a.jpg,0
ca9dafd91c0f59a9930601132a511d7d.jpg,0
2a31091b7b275a86b3feadf9ee0e9189.jpg,0
1025ac6f7d125e29ac180b584a42f649.jpg,0
856ed86d992852db85ca166fd2999168.jpg,0
36e2a4f99c62529394dfa7f7a63eacbd.jpg,0
c3e2f126d05f5bd6951a828eea1af6e8.jpg,0
94b657e4a6c95169ae6160edf89b7033.jpg,0
0c6e77c8a4245b0fb74e65acfda7028c.jpg,0
c1e838d5a287579dba24fb3bf6b7ef29.jpg,0
4588e39dc5395cf38b467a28ca8f6e0c.jpg,0
18d216a4a0dd5db2afb51a7dedbc3198.jpg,0
50d24c9ab10453a2b308966341588abc.jpg,0
d2bc92a69ba554fba5508388436242a6.jpg,0
e8bdb9805d455093ab4f9503cad8052b.jpg,0
8f4606f91ee9544da55431429255e796.jpg,0
18de988b0d5d5bbb8b3c34169b4f2bfd.jpg,0
5effe569ee26519ea075f8ad54d4d15b.jpg,0
b1f74b8850cd5cf28b77a18c52e43f1d.jpg,0
3840fc57c5b25aa9b7446e506873dea7.jpg,0
f65a998dafe653e19762b202c0ee5815.jpg,0
3a418cc535a857b0b3a5f3c20acddb47.jpg,0
3c22a7725ca35b73b8fababea543b787.jpg,0
4b6d1c54e9a15121a51510f4747b13a8.jpg,0
deda3088890c5ac0a465bd124d4822cf.jpg,0
c2775524b8bd5cc591e84793e087c82b.jpg,0
ea893e6cc9ea53caa5a364fe7bcc0eb2.jpg,0
4a0e4a07ef645b2e85e5d2aff7ddd79a.jpg,0
06f440be5f025aa5ac294e3273bc181c.jpg,0
c1019820f6f4581da27ca6b9a509dfc3.jpg,0
b7bf514471675cbfa1ad34b1eba3668c.jpg,0
f2af5cef820e5cfc8eb2c0b81181dc9d.jpg,0
ea6cad39aa545ebda39e3a0e3f4ea7a2.jpg,0
0a8e18d2babe55e8935c312b956aa0e1.jpg,0
8d46512bf7c252b5ac79d98f6eb3178e.jpg,0
f169b7d5aff8585eb7a6cb2f7f94d46f.jpg,0
69de2e0def3f5df9b706335042b75c7e.jpg,0
3d35e9dfbb5855269db4ef88b95c789c.jpg,0
f214eef6864f57f3a6930782f84744e7.jpg,0
ca083efd13b15ea996b8fe24e6b2b2dd.jpg,0
05e31b9f45685fd7a00cbfb2b0a77a5b.jpg,0
da77f465978b52b79c642db49bc3eaa9.jpg,0
e12ee564955d5067a78c094083270636.jpg,0
9c636619ffb65f89aaa18b998a4f226f.jpg,0
b0018b01caac5a18a2764ae1a991e396.jpg,0
01d8f285ca985154a0fa5e824863ab27.jpg,0
8370b7a0bff0504c8059dba265478f5b.jpg,0
630e6965cc1f5c0fa1854825c90e6064.jpg,0
f1ae4b8113df5c8fa4fee72343c3985a.jpg,0
cd67fb990be4507bade401a0634c4319.jpg,0
df1b84184824567990e131c4ba3154a1.jpg,0
88ba96d05bae55bbab191d46c227146f.jpg,0
1d6d640d88f954fca232991a0c1191db.jpg,0
db55899398d354afad71c5e718577569.jpg,0
317ee086c9a753f7b17b02f8328c2a0e.jpg,0
6feb5ea2755556a5a31a4a7bb3f70aae.jpg,0
3c9c1489482f596dafaca228cba38aa2.jpg,0
aed9058581b053579086b6326d5afe25.jpg,0
4206d75cc60e5ebb8914066b771278a5.jpg,0
7066458ebd4f52369207a27613dc641e.jpg,0
43c119de746f55a8825edb6727803da1.jpg,0
dad5cf675b555bb9a9dbc73064040521.jpg,0
452e339de86b5226b787f6e0fc4d50b4.jpg,0
e12c68952ddd5a6382a28e80d6354020.jpg,0
093e73f63ca55ceb962320226e981d8d.jpg,0
5b8482b30a97513b8f51a3f37c0a8b64.jpg,0
1dd1c666382455899e9abe3100f478b7.jpg,0
08166f1a63815346b6ce75cb786f3908.jpg,0
9264a8d0800f52579cc8091d38511e5c.jpg,0
4061939afd3e53b99cabd795752dff4d.jpg,0
9e9c2a2112035775b8cec2bbce79929a.jpg,0
6f7b178053cc5f34a5bd0e168d2698bd.jpg,0
bd5482cf513a5b89989c9b311c747570.jpg,0
5e322c5b61ed5badb51313ce432bdc17.jpg,0
21a10e67a2e05092a74ee763f7ac3f92.jpg,0
1033d4caeef4528b8174b502e42f6c3a.jpg,0
c9a04425b2ef57ecaada320a2de9142d.jpg,0
20d95aae450357c49e31abbd3a130f7c.jpg,0
ef50f534ce1f50c88b0d3af33220f6fd.jpg,0
0c3910f23aed5b628dd07cf8d11f08f3.jpg,0
9c027ec456c95408b93193c3caa076b4.jpg,0
539deeac99995a1589be08a0c8895940.jpg,0
f34e159f34df574c905eccb67dce2e9c.jpg,0
beeab58059c250af803995aa51d79ae8.jpg,0
35849dee675e50d3b0b0f13096303e86.jpg,0
ede6362621365d999df2e3eeafc5ed4f.jpg,0
72514f26c6ee5a52b8dfda39f26198e5.jpg,0
6ece9427678d550ba04b488670c9318b.jpg,0
4365e062210b587ea1060a5e56f59043.jpg,0
6ef888b97ea2558aa2ecb13dde3d9b6f.jpg,0
5202b77a53ac5b58a2b790c1a320cb9b.jpg,0
17c09c0524905ae783d4230bceb5a8fe.jpg,0
dbf638a14e03515cadb5204f1f01c95a.jpg,0
468488a5f7555a2a8da6b9800afbc2a4.jpg,0
ea6a9bf821aa5e798af03159597cf93f.jpg,0
c66f275ba6055171b9e35e3692c9eb12.jpg,0
633d9cae1ac25489918ed9caca638767.jpg,0
503c1d7af9435c8a8f9d85022cb54dfb.jpg,0
f672c3cc395259dc8fd26fa4b64be913.jpg,0
0aeae0c7ad72529e86be661b011d4e71.jpg,0
942c46a3b55f57f68be8cf9c6e090698.jpg,0
fca5523724c95f2fb2a1ca59a6621e98.jpg,0
9d1dcbf6a2655836811db7026ee8db4b.jpg,0
8b0224d427ce5e24998a709d68582125.jpg,0
7fabf16fdeed5232985229b5612aa910.jpg,0
0d70fe86df2d5a9e9d3b3f7b7c535031.jpg,0
77bf39fd5929580fa0f3165d10ee0bfa.jpg,0
5b216ae27a7d5310b2ff556933e2c98e.jpg,0
2655b071cfda5e0fb9067764bacf7f7e.jpg,0
de6651d473b355c78489dbb457cec8d6.jpg,0
ae9e9beeb4225d0d9b51b075fb61eaf9.jpg,0
3a664d86739f545590d4ce34de6b767e.jpg,0
9e10137580ae56d99613b68061897782.jpg,0
727e2f3c3176539da0c7bf3815100c5d.jpg,0
91ef4f594e1a5304a850b1871d6e09f7.jpg,0
1388f85526505d12a82facfcec4646b7.jpg,0
42ef267a3f3e5a7c810964625730530c.jpg,0
0703e8da2d7555b2b3f4147d93190bef.jpg,0
d857225fbd465c139ae564ec2b9863e9.jpg,0
628764f84a7058ff9281e5a46eafa362.jpg,0
b954b5ae3f475d399bdec4b036ad0628.jpg,0
62eb7133b09c53829cd55bf289d62bf5.jpg,0
e9010c5900c757c5a740a391e3b27c86.jpg,0
65055869856d526a854dd7ed1982b357.jpg,0
640a2827c1f3505282f4a4739417f31b.jpg,0
9a52163b28105c12a9b36471b2e5eeec.jpg,0
d9b045c7feaf5743a540cb012bf2d7c6.jpg,0
aede333e6392518d9d74ba51115fe025.jpg,0
8679895fb4d350c8a6ac2214247a5fe1.jpg,0
53919320f8dc5427818fe05e2d146f38.jpg,0
ee113aad5f015557bdf23d66785cccc2.jpg,0
c1ee404fdf0a5f7c8c23abd23648bc3a.jpg,0
c2dea95cefe0579d809e18a12fac329d.jpg,0
1f25eb23dba1541f89d2f7c1865eb721.jpg,0
2046237efc8f5a87b0fdfd4bfc0ec6e5.jpg,0
de860bb5af2c568f8b6e0906f719c35f.jpg,0
0631e8de50eb51e8b20f9ecab78fd605.jpg,0
608ac7826e295205a2dd6bfae750f6a6.jpg,0
664e2a056806535d9ebfe04444f32e4a.jpg,0
53f9f2d2dc73532bbd5484cb731af90e.jpg,0
d85d561c52ac5e4ab5288da00a269abe.jpg,0
adfe0b08244e5bf1ad5adfbb82ef4c74.jpg,0
52a7c6fd7cab5d5d9f8e2b50c27b8cfa.jpg,0
4a1b72e13c2051818197ff74e99473a4.jpg,0
5bbb05413ee25c5d92f3c08420f9730d.jpg,0
626f6906c68e5358ad2bc5afad2b936f.jpg,0
d09f48b4fd775112820a8d16e71bdbca.jpg,0
a6fb9b395e7c544ea8d108ac1fc513f6.jpg,0
c16684da95d35b9c968dcb6b35c9b103.jpg,0
a4d2e0341dce56a0b17f21833bb46cbf.jpg,0
198ad285136a5b24b8ebfb203122bff9.jpg,0
09b7549dedeb5606b77ee165dd6c568f.jpg,0
3ccb74a3a27155c59c9af864d103dfb1.jpg,0
53c6b461b8495bbfb3bf26bfb2669c68.jpg,0
2db77ce92cd452efaaaec2736b262e0a.jpg,0
b13a6688440957f19a030d47dab826c6.jpg,0
c7e02926ac125e598d4a6a72654a0780.jpg,0
504253f1f9b45ac6adf1e7c2f73c8754.jpg,0
c72dccbfec735112bc16170033c05eb3.jpg,0
8787691b410b5028b62412a021c1eddc.jpg,0
30998f8caac759afaf3f7d39c54c8929.jpg,0
562aa399d2ad54dda68e07366b39e1c7.jpg,0
d7d5ebd1528852a0a0d5fc8ca175e196.jpg,0
c9e61f393ca351b7897ede6b6eef2e33.jpg,0
dffe2aa0b965575ab6792741b2df8c9c.jpg,0
bc18a5e30e6e57be9e058974868475e6.jpg,0
7370a5d49a2a5974bc63fd7404181d44.jpg,0
24a1401d492f5d4698fc1e8ab9824188.jpg,0
63ba7b7d28a15ab8819ff0618da1398b.jpg,0
cfb79daf7b025055908e319162ae520b.jpg,0
5fe93ea845b95367b20798ca7bf6c4fc.jpg,0
91a1975f80d35adc8c628a52eca9905b.jpg,0
b09b54f84eb15142b00914fc41f4f6bc.jpg,0
4702d93ce4eb5cfcb67dea361db00d29.jpg,0
814f44c40dba548da56866b0d9a80fdd.jpg,0
ead801a37385596388387e92f9ae5558.jpg,0
ad9dcacda6da5d6e928768b13bd2707a.jpg,0
c5a6c4642f8c5b2485797ec32de9094a.jpg,0
78a931d520575d59a3a3dc5b8b03509a.jpg,0
d373f51f5a6753889e1e573641c35167.jpg,0
cdf23c4b6f9b5129a927bb3335e17385.jpg,0
1a1c8e6dcc315796a6b40cfb6ce49295.jpg,0
e2114e7e62315273a1ca6756f4778864.jpg,0
a76750d2266551b9a45161c924481d56.jpg,0
87b85cb124275dfa99f218c8f62ca98f.jpg,0
2638f7cc2f395e42bb58ee9f83d97be5.jpg,0
a8dfcac8cd695003bfb208d1faa8be03.jpg,0
85a63e4e4dbf58ba91de970bcab383a5.jpg,0
da4101e3df605edab0959ed651842c0d.jpg,0
3f2f099e295452d181d43a8aa9415bdb.jpg,0
dc35d58782615e4f9582c6b32c8b956e.jpg,0
a982a975de385126b5f47ebf60642b30.jpg,0
14d8c0a74aee55e4bd531e5bbd87e858.jpg,0
fc6141e24a265b489c8a794e49f156a9.jpg,0
199886fe672b517b850d6773b3a0ef3d.jpg,0
e141497ce205533c8027932f38e9bd4e.jpg,0
13cd9264aecc5e2c8b4f9988bbbdea99.jpg,0
b338494d09fa54088328ada553559b4e.jpg,0
0dee8d733ffa597b9ebe607004ef2fe9.jpg,0
c483f2214d395603a9567b9ad0e638ac.jpg,0
5c752e9919d8574480cb6568ecaa39eb.jpg,0
315346cce813549faa9eb93bfc03e57e.jpg,0
7653ebe195205073a7a3aeace988f5dc.jpg,0
e5d05d7e8cd55a829eb14f7a63bcc24a.jpg,0
f526b90285a3519392340018aaea5c5d.jpg,0
6135ccc2e10b5592986d3504ad96156f.jpg,0
284ab9d70e9b55f1b903537db85992a5.jpg,0
4d8832dcb8ed58d3a531aa3520294983.jpg,0
4fe0c2a2dd3d5799af00e9c6538bebd6.jpg,0
852a27fabd91571aa2d98874031a347e.jpg,0
17a5f3697c1e59bba2b120ad0fba202a.jpg,0
c297a0b7c5f35d5ca4c40b343f03a483.jpg,0
c0939dc52ac05c25b61a372d476e1e13.jpg,0
aa8ce4155ebd5fbdbf7670e2b0617bb1.jpg,0
368e107fbf8d5c9687bc144cf16e2cbd.jpg,0
f66369e67ccf5194b15d3b61860ad6a3.jpg,0
ef766571e4265908b22cc3660676bbc4.jpg,0
2194d065af4b5a6eb011e21b5601b091.jpg,0
d4d42db54a445a6e8e283272e758d3eb.jpg,0
be762b728c2250bd878a0d387a88a869.jpg,0
e81e44a005e2516d98bd6322e5ba1b25.jpg,0
0ede9c90439a5a72bfcece78fe50011d.jpg,0
ab34a2f464f358809069fcc7b5a16cec.jpg,0
4ea717a82b14597089a68f03391c6966.jpg,0
235a57c73c895e629b5a6a0253eb1712.jpg,0
49291b3ed8d45875b251289b6f892c49.jpg,0
b551c71e2d835fd594b8a146571aa9b4.jpg,0
f433b4f7ad785de3a12972167265404f.jpg,0
3c7b19eea7d65d2f8a47f3c9e2cf8b86.jpg,0
af177b5d5aee54b1bd737e6e83d924e3.jpg,0
5d04675ee54d5681844aedcbfb1d6387.jpg,0
c676d347fee95ced9615b0827dd6f5fb.jpg,0
7948f144e7815f91bb8d9ffed1dd2eed.jpg,0
e2538e5c12ef5f45bce2d156936c6578.jpg,0
abd0ee9fcfed511fb3db928aca820871.jpg,0
20703543b7475b30811e1e1905eaa7cd.jpg,0
726408309d135c9495b18e77c6f93c31.jpg,0
71fea5c3451e5c23b9dfa44598281040.jpg,0
6be4d119d78757beb6932c8527ec4e21.jpg,0
777235a7dc4f5928a8bd0884bdb2cc9d.jpg,0
956aae598f8558c9b754b3a3b381d17d.jpg,0
6570c1a7220d5bae84feef35d39cf485.jpg,0
e88d7f31c91a55b98107c6ebf2dd6bbe.jpg,0
217fb2c3a3d355478e2eb1e05b2687e3.jpg,0
5550584fdab35b9e84f3c8c2952af67b.jpg,0
de3f061582965613a31f9dd6d216a579.jpg,0
895c64e65dc4505aba7ee27c1f1f6dce.jpg,0
31146cd81d095e22a1767a0193fdb0c1.jpg,0
2f201ba9379559a58cb915d6a17c79f4.jpg,0
e10b1b3eda4d5e65a53ca069046598f7.jpg,0
7451aaa7e5d456ebb7fe9da9229c4b2a.jpg,0
1c3d6a55a457551b8717350bc7426d78.jpg,0
12a0791e1d7e57b1a4418de6b9c75406.jpg,0
39380d6a217e5238a8d7d174628c7c8c.jpg,0
376021b17d4c52f39bfc97e8f93e2f1e.jpg,0
30a2f18348865e61b2eb4fcd03d86a8b.jpg,0
0e8eefeed96350ef8bfe38edb9cc098d.jpg,0
40927494990a58fb937cb6e220875ed6.jpg,0
178aac7f519e528cbfceeff2ba5aa027.jpg,0
544c5b3e90935470935dbcca3abb5329.jpg,0
8ebb94cfbf4f5ad88e053d7f0ccae3fb.jpg,0
8729b5aea3095c3882b27233211cefd2.jpg,0
85cb4bfb8f4d5ebd8e48039a85400a2e.jpg,0
f5da24dc35785bc7a0b21cdbd260dbdc.jpg,0
3538a3408cdf5f62bddf42755c1f116b.jpg,0
3a9bc0c211ec582785389c42a83fde0d.jpg,0
7713bb796cac55959722b4d5bf19d005.jpg,0
f56aeb8fe4ee500989835611ac2bb8a3.jpg,0
b8a3788fe515561a8f47a8d946c27a90.jpg,0
76837fbef1c459a39b0a197dc44d586e.jpg,0
45de3f8004a15016af9b00e67d49ebd0.jpg,0
8678ffb9e8cc538dbc563035434aeb40.jpg,0
228a4ff6dadb5ad0a3de0f0e5ca4e818.jpg,0
91df91bfc82d5db2bd98dd1f8d0fa125.jpg,0
adb694a0700a5b9788f1f33e5bbc1d86.jpg,0
f801e72e7eab5a768d1fd1fc224d2c6e.jpg,0
526900e7c8d559998d1f9fff620b368e.jpg,0
fb75cee989405ba69565f380dc213462.jpg,0
c67fb4948c4b552790c200ebf089c7cd.jpg,0
8c7192bec09b5bd298ac9c45288a25ad.jpg,0
eec365df8ebb5e92a0eb2cb301c0d184.jpg,0
1347990ae8a655128d96ce3233bfe789.jpg,0
9916735a37fd5d52b6976cde793da1a3.jpg,0
91e8715dcce95bd9b8a53e3ba94b5aa5.jpg,0
1478a87e9ea95a6b8cd12e7830453844.jpg,0
385ea02f96bb54c5ac794366293266d4.jpg,0
ce0478a9cd515de5804a60aebac734a6.jpg,0
ec916a183a9258528652a77f48656f76.jpg,0
c64f2ce4bac4528d9af2c74b507e2583.jpg,0
0cff542892ce5278882e0335bad1f684.jpg,0
156c4808b510524db74def7f93405e3a.jpg,0
ab6d260d88c256edbe640c33742d151e.jpg,0
e71e22b0c4265e9c9970bb9b275d4003.jpg,0
4449da37a02e546f9d97f179d4e04476.jpg,0
20e50fbc62fd578f94a2cb7286a24b2c.jpg,0
b9cae40ccfa55591bded9f6253522fd9.jpg,0
cc4bf21fceb359389d57a40763461f25.jpg,0
b3ad8e62591e5eaa9dd2f40acb611ab9.jpg,0
5bdc42656942583d835afa4ba8db7195.jpg,0
fd86752371565dbca26501ddb387430e.jpg,0
5e19dbd4e56258cab2d8a27ca33e7246.jpg,0
90f7d12ed45c533fa43aa4916c20acf8.jpg,0
9b8eabb0f4555ba79033ce5e75d09f56.jpg,0
645e6dcaf9d8565cbf9a9c3400a58bb2.jpg,0
c8304846d72452cca30eaa2e759fd74a.jpg,0
15ef50eab69d5fce844da1aca2ce626e.jpg,0
133bfcf67b4753318324ed2c4a79ee8c.jpg,0
4bff91e52a8850958976d3575cca4f1a.jpg,0
48710fe31aa45babb21c9ac58ff94f3f.jpg,0
edbffcf7dbdb56ecac288c0e2b99c611.jpg,0
6779d28a12ca542181ff89209ca0eb9d.jpg,0
9e415c6337665c36854c2a7faa9dbcd5.jpg,0
83dba8b36f0c52e59688dda018a17a45.jpg,0
52145ca3841f54c49059b7f70cbd305f.jpg,0
778ff6c7c5f3552aacc2fb2f0a2f2a93.jpg,0
785c829fbdf45a0cbd1af3a462e122be.jpg,0
330d490214285279b81451accfcfc60a.jpg,0
71696a0d5fac5a04a7530693470ff66b.jpg,0
a42f915e725c52ccbd1a89ac3e850ead.jpg,0
a19f8fc9d56f5bcd9809090d87b6a8e4.jpg,0
bfa1bdb23de95b038e01f78cca5f4515.jpg,0
022fa6c0e0af5aa8af770e1a5927f993.jpg,0
06a694a51b035d4aa1a69aea26061df4.jpg,0
fa6c9fd264dd506d935ca5d4a7bc6aff.jpg,0
4cd11d3ad15d551187262dd75f936e80.jpg,0
0a7bf5babc365ca6b10dae582661988e.jpg,0
1bd2aef3edff5434891801e77975f533.jpg,0
86522810b6045b2f9ccdb2f9027aadf8.jpg,0
687517ac929e59428f0c20de4a994b5f.jpg,0
3325701afb3b52e1871d401e2a3cf0a3.jpg,0
